[
    {
        "model": "tests.testcase",
        "pk": 1,
        "fields": {
            "test": 1,
            "content": "Что выведет print(type(1 / 2))? p.s. python3+",
            "score": "2.0"
        }
    },
    {
        "model": "tests.testcase",
        "pk": 2,
        "fields": {
            "test": 1,
            "content": "Что делает следующий код? </br> def a(b, c, d): pass",
            "score": "1.0"
        }
    },
    {
        "model": "tests.testcase",
        "pk": 3,
        "fields": {
            "test": 1,
            "content": "Что будет напечатано?  print(\"%s\" % name[6:8])",
            "score": "2.0"
        }
    },
    {
        "model": "tests.testcase",
        "pk": 4,
        "fields": {
            "test": 1,
            "content": "Что будет напечатано?  kvps  = {\"user\",\"bill\", \"password\",\"hillary\"} print(kvps['password'])",
            "score": "2.0"
        }
    },
    {
        "model": "tests.testcase",
        "pk": 5,
        "fields": {
            "test": 1,
            "content": "Что выведет print(type(1 / 2))? p.s. python2",
            "score": "3.0"
        }
    },
    {
        "model": "tests.testcase",
        "pk": 6,
        "fields": {
            "test": 2,
            "content": "pick +",
            "score": "9.0"
        }
    },
    {
        "model": "tests.testcase",
        "pk": 7,
        "fields": {
            "test": 2,
            "content": "pick +",
            "score": "3.0"
        }
    },
    {
        "model": "tests.testcase",
        "pk": 8,
        "fields": {
            "test": 2,
            "content": "pick +",
            "score": "0.0"
        }
    },
    {
        "model": "tests.testcase",
        "pk": 9,
        "fields": {
            "test": 2,
            "content": "pick +",
            "score": "2.0"
        }
    },
    {
        "model": "users.user",
        "pk": 1,
        "fields": {
            "password": "pbkdf2_sha256$180000$41q7i7nYHgPR$YXVfnsTfqmNO9na10tYBHcGWm0+vWPdgeeSoWmGnPqc=",
            "last_login": "2020-08-24T16:33:28.244Z",
            "is_superuser": true,
            "username": "",
            "first_name": "",
            "last_name": "",
            "is_staff": true,
            "is_active": true,
            "date_joined": "2020-08-24T16:23:21.041Z",
            "email": "a@a.com",
            "bio": "",
            "image": "default-avatar.jpg",
            "birth_date": null,
            "groups": [],
            "user_permissions": []
        }
    },
    {
        "model": "tests.test",
        "pk": 1,
        "fields": {
            "owner": 1,
            "title": "python",
            "description": null
        }
    },
    {
        "model": "tests.test",
        "pk": 2,
        "fields": {
            "owner": 1,
            "title": "test",
            "description": "тест для демонстрации функции подсчета баллов работы чекбоксов и тд"
        }
    },
    {
        "model": "tests.answer",
        "pk": 1,
        "fields": {
            "test_case": 1,
            "content": "class'int'",
            "is_correct": false,
            "users_answers": []
        }
    },
    {
        "model": "tests.answer",
        "pk": 2,
        "fields": {
            "test_case": 1,
            "content": "class'float'",
            "is_correct": true,
            "users_answers": []
        }
    },
    {
        "model": "tests.answer",
        "pk": 3,
        "fields": {
            "test_case": 1,
            "content": "class 'double'",
            "is_correct": false,
            "users_answers": []
        }
    },
    {
        "model": "tests.answer",
        "pk": 4,
        "fields": {
            "test_case": 2,
            "content": "Определяет список и инициализирует его.",
            "is_correct": false,
            "users_answers": []
        }
    },
    {
        "model": "tests.answer",
        "pk": 5,
        "fields": {
            "test_case": 2,
            "content": "Определяет функцию, которая передает параметры.",
            "is_correct": false,
            "users_answers": []
        }
    },
    {
        "model": "tests.answer",
        "pk": 6,
        "fields": {
            "test_case": 2,
            "content": "Определяет пустой класс.",
            "is_correct": false,
            "users_answers": []
        }
    },
    {
        "model": "tests.answer",
        "pk": 7,
        "fields": {
            "test_case": 2,
            "content": "Определяет функцию, которая ничего не делает.",
            "is_correct": true,
            "users_answers": []
        }
    },
    {
        "model": "tests.answer",
        "pk": 8,
        "fields": {
            "test_case": 3,
            "content": "st",
            "is_correct": false,
            "users_answers": []
        }
    },
    {
        "model": "tests.answer",
        "pk": 9,
        "fields": {
            "test_case": 3,
            "content": "sto",
            "is_correct": false,
            "users_answers": []
        }
    },
    {
        "model": "tests.answer",
        "pk": 10,
        "fields": {
            "test_case": 3,
            "content": "Syntax Error",
            "is_correct": false,
            "users_answers": []
        }
    },
    {
        "model": "tests.answer",
        "pk": 11,
        "fields": {
            "test_case": 3,
            "content": "to",
            "is_correct": true,
            "users_answers": []
        }
    },
    {
        "model": "tests.answer",
        "pk": 12,
        "fields": {
            "test_case": 4,
            "content": "password",
            "is_correct": false,
            "users_answers": []
        }
    },
    {
        "model": "tests.answer",
        "pk": 13,
        "fields": {
            "test_case": 4,
            "content": "None",
            "is_correct": false,
            "users_answers": []
        }
    },
    {
        "model": "tests.answer",
        "pk": 14,
        "fields": {
            "test_case": 4,
            "content": "TypeError",
            "is_correct": true,
            "users_answers": []
        }
    },
    {
        "model": "tests.answer",
        "pk": 15,
        "fields": {
            "test_case": 5,
            "content": "type 'int'",
            "is_correct": true,
            "users_answers": []
        }
    },
    {
        "model": "tests.answer",
        "pk": 16,
        "fields": {
            "test_case": 5,
            "content": "type 'number'",
            "is_correct": false,
            "users_answers": []
        }
    },
    {
        "model": "tests.answer",
        "pk": 17,
        "fields": {
            "test_case": 5,
            "content": "type 'double'",
            "is_correct": false,
            "users_answers": []
        }
    },
    {
        "model": "tests.answer",
        "pk": 18,
        "fields": {
            "test_case": 5,
            "content": "type 'tuple'",
            "is_correct": false,
            "users_answers": []
        }
    },
    {
        "model": "tests.answer",
        "pk": 19,
        "fields": {
            "test_case": 5,
            "content": "type 'float'",
            "is_correct": false,
            "users_answers": []
        }
    },
    {
        "model": "tests.answer",
        "pk": 20,
        "fields": {
            "test_case": 6,
            "content": "+",
            "is_correct": true,
            "users_answers": []
        }
    },
    {
        "model": "tests.answer",
        "pk": 21,
        "fields": {
            "test_case": 6,
            "content": "-",
            "is_correct": false,
            "users_answers": []
        }
    },
    {
        "model": "tests.answer",
        "pk": 22,
        "fields": {
            "test_case": 7,
            "content": "+",
            "is_correct": true,
            "users_answers": []
        }
    },
    {
        "model": "tests.answer",
        "pk": 23,
        "fields": {
            "test_case": 7,
            "content": "+",
            "is_correct": true,
            "users_answers": []
        }
    },
    {
        "model": "tests.answer",
        "pk": 24,
        "fields": {
            "test_case": 7,
            "content": "-",
            "is_correct": false,
            "users_answers": []
        }
    },
    {
        "model": "tests.answer",
        "pk": 25,
        "fields": {
            "test_case": 7,
            "content": "+",
            "is_correct": true,
            "users_answers": []
        }
    },
    {
        "model": "tests.answer",
        "pk": 26,
        "fields": {
            "test_case": 8,
            "content": "+",
            "is_correct": true,
            "users_answers": []
        }
    },
    {
        "model": "tests.answer",
        "pk": 27,
        "fields": {
            "test_case": 8,
            "content": "+",
            "is_correct": true,
            "users_answers": []
        }
    },
    {
        "model": "tests.answer",
        "pk": 29,
        "fields": {
            "test_case": 9,
            "content": "+",
            "is_correct": true,
            "users_answers": []
        }
    },
    {
        "model": "tests.answer",
        "pk": 30,
        "fields": {
            "test_case": 9,
            "content": "+",
            "is_correct": true,
            "users_answers": []
        }
    }
]