[{"model": "contenttypes.contenttype", "pk": 1, "fields": {"app_label": "admin", "model": "logentry"}}, {"model": "contenttypes.contenttype", "pk": 2, "fields": {"app_label": "auth", "model": "permission"}}, {"model": "contenttypes.contenttype", "pk": 3, "fields": {"app_label": "auth", "model": "group"}}, {"model": "contenttypes.contenttype", "pk": 4, "fields": {"app_label": "contenttypes", "model": "contenttype"}}, {"model": "contenttypes.contenttype", "pk": 5, "fields": {"app_label": "sessions", "model": "session"}}, {"model": "contenttypes.contenttype", "pk": 6, "fields": {"app_label": "users", "model": "user"}}, {"model": "contenttypes.contenttype", "pk": 7, "fields": {"app_label": "tests", "model": "test"}}, {"model": "contenttypes.contenttype", "pk": 8, "fields": {"app_label": "tests", "model": "testcase"}}, {"model": "contenttypes.contenttype", "pk": 9, "fields": {"app_label": "tests", "model": "answer"}}, {"model": "contenttypes.contenttype", "pk": 10, "fields": {"app_label": "tests", "model": "comment"}}, {"model": "contenttypes.contenttype", "pk": 11, "fields": {"app_label": "tests", "model": "usertests"}}, {"model": "contenttypes.contenttype", "pk": 12, "fields": {"app_label": "social_django", "model": "usersocialauth"}}, {"model": "contenttypes.contenttype", "pk": 13, "fields": {"app_label": "social_django", "model": "nonce"}}, {"model": "contenttypes.contenttype", "pk": 14, "fields": {"app_label": "social_django", "model": "association"}}, {"model": "contenttypes.contenttype", "pk": 15, "fields": {"app_label": "social_django", "model": "code"}}, {"model": "contenttypes.contenttype", "pk": 16, "fields": {"app_label": "social_django", "model": "partial"}}, {"model": "sessions.session", "pk": "bwt9i5p725gq1bx9ux255nkmh6v5upjz", "fields": {"session_data": "NzhlOGVkNzA4YjhlMmYzZjE0ODY0OTMwZGQ3YjM2NzM5OGM2MjI4ODp7Il9hdXRoX3VzZXJfaWQiOiIxIiwiX2F1dGhfdXNlcl9iYWNrZW5kIjoiZGphbmdvLmNvbnRyaWIuYXV0aC5iYWNrZW5kcy5Nb2RlbEJhY2tlbmQiLCJfYXV0aF91c2VyX2hhc2giOiJhYmVkOGI2MDhjY2U0NjlhZjhhZGE3MTJhMDI5MTcxN2RmNjFjYWQzIn0=", "expire_date": "2020-09-07T16:33:28.248Z"}}, {"model": "sessions.session", "pk": "vp1yk29mwfg7lbgjw01iv173f0e5dzru", "fields": {"session_data": "NzhlOGVkNzA4YjhlMmYzZjE0ODY0OTMwZGQ3YjM2NzM5OGM2MjI4ODp7Il9hdXRoX3VzZXJfaWQiOiIxIiwiX2F1dGhfdXNlcl9iYWNrZW5kIjoiZGphbmdvLmNvbnRyaWIuYXV0aC5iYWNrZW5kcy5Nb2RlbEJhY2tlbmQiLCJfYXV0aF91c2VyX2hhc2giOiJhYmVkOGI2MDhjY2U0NjlhZjhhZGE3MTJhMDI5MTcxN2RmNjFjYWQzIn0=", "expire_date": "2020-09-07T16:23:38.062Z"}}, {"model": "tests.testcase", "pk": 1, "fields": {"test": 1, "content": "\u0427\u0442\u043e \u0432\u044b\u0432\u0435\u0434\u0435\u0442 print(type(1 / 2))? p.s. python3+", "score": "2.0"}}, {"model": "tests.testcase", "pk": 2, "fields": {"test": 1, "content": "\u0427\u0442\u043e \u0434\u0435\u043b\u0430\u0435\u0442 \u0441\u043b\u0435\u0434\u0443\u044e\u0449\u0438\u0439 \u043a\u043e\u0434? </br> def a(b, c, d): pass", "score": "1.0"}}, {"model": "tests.testcase", "pk": 3, "fields": {"test": 1, "content": "\u0427\u0442\u043e \u0431\u0443\u0434\u0435\u0442 \u043d\u0430\u043f\u0435\u0447\u0430\u0442\u0430\u043d\u043e?  print(\"%s\" % name[6:8])", "score": "2.0"}}, {"model": "tests.testcase", "pk": 4, "fields": {"test": 1, "content": "\u0427\u0442\u043e \u0431\u0443\u0434\u0435\u0442 \u043d\u0430\u043f\u0435\u0447\u0430\u0442\u0430\u043d\u043e?  kvps  = {\"user\",\"bill\", \"password\",\"hillary\"} print(kvps['password'])", "score": "2.0"}}, {"model": "tests.testcase", "pk": 5, "fields": {"test": 1, "content": "\u0427\u0442\u043e \u0432\u044b\u0432\u0435\u0434\u0435\u0442 print(type(1 / 2))? p.s. python2", "score": "3.0"}}, {"model": "tests.testcase", "pk": 6, "fields": {"test": 2, "content": "pick +", "score": "9.0"}}, {"model": "tests.testcase", "pk": 7, "fields": {"test": 2, "content": "pick +", "score": "3.0"}}, {"model": "tests.testcase", "pk": 8, "fields": {"test": 2, "content": "pick +", "score": "0.0"}}, {"model": "tests.testcase", "pk": 9, "fields": {"test": 2, "content": "pick +", "score": "2.0"}}, {"model": "auth.permission", "pk": 1, "fields": {"name": "Can add log entry", "content_type": 1, "codename": "add_logentry"}}, {"model": "auth.permission", "pk": 2, "fields": {"name": "Can change log entry", "content_type": 1, "codename": "change_logentry"}}, {"model": "auth.permission", "pk": 3, "fields": {"name": "Can delete log entry", "content_type": 1, "codename": "delete_logentry"}}, {"model": "auth.permission", "pk": 4, "fields": {"name": "Can view log entry", "content_type": 1, "codename": "view_logentry"}}, {"model": "auth.permission", "pk": 5, "fields": {"name": "Can add permission", "content_type": 2, "codename": "add_permission"}}, {"model": "auth.permission", "pk": 6, "fields": {"name": "Can change permission", "content_type": 2, "codename": "change_permission"}}, {"model": "auth.permission", "pk": 7, "fields": {"name": "Can delete permission", "content_type": 2, "codename": "delete_permission"}}, {"model": "auth.permission", "pk": 8, "fields": {"name": "Can view permission", "content_type": 2, "codename": "view_permission"}}, {"model": "auth.permission", "pk": 9, "fields": {"name": "Can add group", "content_type": 3, "codename": "add_group"}}, {"model": "auth.permission", "pk": 10, "fields": {"name": "Can change group", "content_type": 3, "codename": "change_group"}}, {"model": "auth.permission", "pk": 11, "fields": {"name": "Can delete group", "content_type": 3, "codename": "delete_group"}}, {"model": "auth.permission", "pk": 12, "fields": {"name": "Can view group", "content_type": 3, "codename": "view_group"}}, {"model": "auth.permission", "pk": 13, "fields": {"name": "Can add content type", "content_type": 4, "codename": "add_contenttype"}}, {"model": "auth.permission", "pk": 14, "fields": {"name": "Can change content type", "content_type": 4, "codename": "change_contenttype"}}, {"model": "auth.permission", "pk": 15, "fields": {"name": "Can delete content type", "content_type": 4, "codename": "delete_contenttype"}}, {"model": "auth.permission", "pk": 16, "fields": {"name": "Can view content type", "content_type": 4, "codename": "view_contenttype"}}, {"model": "auth.permission", "pk": 17, "fields": {"name": "Can add session", "content_type": 5, "codename": "add_session"}}, {"model": "auth.permission", "pk": 18, "fields": {"name": "Can change session", "content_type": 5, "codename": "change_session"}}, {"model": "auth.permission", "pk": 19, "fields": {"name": "Can delete session", "content_type": 5, "codename": "delete_session"}}, {"model": "auth.permission", "pk": 20, "fields": {"name": "Can view session", "content_type": 5, "codename": "view_session"}}, {"model": "auth.permission", "pk": 21, "fields": {"name": "Can add user", "content_type": 6, "codename": "add_user"}}, {"model": "auth.permission", "pk": 22, "fields": {"name": "Can change user", "content_type": 6, "codename": "change_user"}}, {"model": "auth.permission", "pk": 23, "fields": {"name": "Can delete user", "content_type": 6, "codename": "delete_user"}}, {"model": "auth.permission", "pk": 24, "fields": {"name": "Can view user", "content_type": 6, "codename": "view_user"}}, {"model": "auth.permission", "pk": 25, "fields": {"name": "Can add test", "content_type": 7, "codename": "add_test"}}, {"model": "auth.permission", "pk": 26, "fields": {"name": "Can change test", "content_type": 7, "codename": "change_test"}}, {"model": "auth.permission", "pk": 27, "fields": {"name": "Can delete test", "content_type": 7, "codename": "delete_test"}}, {"model": "auth.permission", "pk": 28, "fields": {"name": "Can view test", "content_type": 7, "codename": "view_test"}}, {"model": "auth.permission", "pk": 29, "fields": {"name": "Can add test case", "content_type": 8, "codename": "add_testcase"}}, {"model": "auth.permission", "pk": 30, "fields": {"name": "Can change test case", "content_type": 8, "codename": "change_testcase"}}, {"model": "auth.permission", "pk": 31, "fields": {"name": "Can delete test case", "content_type": 8, "codename": "delete_testcase"}}, {"model": "auth.permission", "pk": 32, "fields": {"name": "Can view test case", "content_type": 8, "codename": "view_testcase"}}, {"model": "auth.permission", "pk": 33, "fields": {"name": "Can add answer", "content_type": 9, "codename": "add_answer"}}, {"model": "auth.permission", "pk": 34, "fields": {"name": "Can change answer", "content_type": 9, "codename": "change_answer"}}, {"model": "auth.permission", "pk": 35, "fields": {"name": "Can delete answer", "content_type": 9, "codename": "delete_answer"}}, {"model": "auth.permission", "pk": 36, "fields": {"name": "Can view answer", "content_type": 9, "codename": "view_answer"}}, {"model": "auth.permission", "pk": 37, "fields": {"name": "Can add comment", "content_type": 10, "codename": "add_comment"}}, {"model": "auth.permission", "pk": 38, "fields": {"name": "Can change comment", "content_type": 10, "codename": "change_comment"}}, {"model": "auth.permission", "pk": 39, "fields": {"name": "Can delete comment", "content_type": 10, "codename": "delete_comment"}}, {"model": "auth.permission", "pk": 40, "fields": {"name": "Can view comment", "content_type": 10, "codename": "view_comment"}}, {"model": "auth.permission", "pk": 41, "fields": {"name": "Can add user tests", "content_type": 11, "codename": "add_usertests"}}, {"model": "auth.permission", "pk": 42, "fields": {"name": "Can change user tests", "content_type": 11, "codename": "change_usertests"}}, {"model": "auth.permission", "pk": 43, "fields": {"name": "Can delete user tests", "content_type": 11, "codename": "delete_usertests"}}, {"model": "auth.permission", "pk": 44, "fields": {"name": "Can view user tests", "content_type": 11, "codename": "view_usertests"}}, {"model": "auth.permission", "pk": 45, "fields": {"name": "Can add user social auth", "content_type": 12, "codename": "add_usersocialauth"}}, {"model": "auth.permission", "pk": 46, "fields": {"name": "Can change user social auth", "content_type": 12, "codename": "change_usersocialauth"}}, {"model": "auth.permission", "pk": 47, "fields": {"name": "Can delete user social auth", "content_type": 12, "codename": "delete_usersocialauth"}}, {"model": "auth.permission", "pk": 48, "fields": {"name": "Can view user social auth", "content_type": 12, "codename": "view_usersocialauth"}}, {"model": "auth.permission", "pk": 49, "fields": {"name": "Can add nonce", "content_type": 13, "codename": "add_nonce"}}, {"model": "auth.permission", "pk": 50, "fields": {"name": "Can change nonce", "content_type": 13, "codename": "change_nonce"}}, {"model": "auth.permission", "pk": 51, "fields": {"name": "Can delete nonce", "content_type": 13, "codename": "delete_nonce"}}, {"model": "auth.permission", "pk": 52, "fields": {"name": "Can view nonce", "content_type": 13, "codename": "view_nonce"}}, {"model": "auth.permission", "pk": 53, "fields": {"name": "Can add association", "content_type": 14, "codename": "add_association"}}, {"model": "auth.permission", "pk": 54, "fields": {"name": "Can change association", "content_type": 14, "codename": "change_association"}}, {"model": "auth.permission", "pk": 55, "fields": {"name": "Can delete association", "content_type": 14, "codename": "delete_association"}}, {"model": "auth.permission", "pk": 56, "fields": {"name": "Can view association", "content_type": 14, "codename": "view_association"}}, {"model": "auth.permission", "pk": 57, "fields": {"name": "Can add code", "content_type": 15, "codename": "add_code"}}, {"model": "auth.permission", "pk": 58, "fields": {"name": "Can change code", "content_type": 15, "codename": "change_code"}}, {"model": "auth.permission", "pk": 59, "fields": {"name": "Can delete code", "content_type": 15, "codename": "delete_code"}}, {"model": "auth.permission", "pk": 60, "fields": {"name": "Can view code", "content_type": 15, "codename": "view_code"}}, {"model": "auth.permission", "pk": 61, "fields": {"name": "Can add partial", "content_type": 16, "codename": "add_partial"}}, {"model": "auth.permission", "pk": 62, "fields": {"name": "Can change partial", "content_type": 16, "codename": "change_partial"}}, {"model": "auth.permission", "pk": 63, "fields": {"name": "Can delete partial", "content_type": 16, "codename": "delete_partial"}}, {"model": "auth.permission", "pk": 64, "fields": {"name": "Can view partial", "content_type": 16, "codename": "view_partial"}}, {"model": "users.user", "pk": 1, "fields": {"password": "pbkdf2_sha256$180000$41q7i7nYHgPR$YXVfnsTfqmNO9na10tYBHcGWm0+vWPdgeeSoWmGnPqc=", "last_login": "2020-08-24T16:33:28.244Z", "is_superuser": true, "username": "", "first_name": "", "last_name": "", "is_staff": true, "is_active": true, "date_joined": "2020-08-24T16:23:21.041Z", "email": "a@a.com", "bio": "", "image": "default-avatar.jpg", "birth_date": null, "groups": [], "user_permissions": []}}, {"model": "tests.test", "pk": 1, "fields": {"owner": 1, "title": "python", "description": null}}, {"model": "tests.test", "pk": 2, "fields": {"owner": 1, "title": "test", "description": "\u0442\u0435\u0441\u0442 \u0434\u043b\u044f \u0434\u0435\u043c\u043e\u043d\u0441\u0442\u0440\u0430\u0446\u0438\u0438 \u0444\u0443\u043d\u043a\u0446\u0438\u0438 \u043f\u043e\u0434\u0441\u0447\u0435\u0442\u0430 \u0431\u0430\u043b\u043b\u043e\u0432 \u0440\u0430\u0431\u043e\u0442\u044b \u0447\u0435\u043a\u0431\u043e\u043a\u0441\u043e\u0432 \u0438 \u0442\u0434"}}, {"model": "tests.answer", "pk": 1, "fields": {"test_case": 1, "content": "class'int'", "is_correct": false, "users_answers": []}}, {"model": "tests.answer", "pk": 2, "fields": {"test_case": 1, "content": "class'float'", "is_correct": true, "users_answers": []}}, {"model": "tests.answer", "pk": 3, "fields": {"test_case": 1, "content": "class 'double'", "is_correct": false, "users_answers": []}}, {"model": "tests.answer", "pk": 4, "fields": {"test_case": 2, "content": "\u041e\u043f\u0440\u0435\u0434\u0435\u043b\u044f\u0435\u0442 \u0441\u043f\u0438\u0441\u043e\u043a \u0438 \u0438\u043d\u0438\u0446\u0438\u0430\u043b\u0438\u0437\u0438\u0440\u0443\u0435\u0442 \u0435\u0433\u043e.", "is_correct": false, "users_answers": []}}, {"model": "tests.answer", "pk": 5, "fields": {"test_case": 2, "content": "\u041e\u043f\u0440\u0435\u0434\u0435\u043b\u044f\u0435\u0442 \u0444\u0443\u043d\u043a\u0446\u0438\u044e, \u043a\u043e\u0442\u043e\u0440\u0430\u044f \u043f\u0435\u0440\u0435\u0434\u0430\u0435\u0442 \u043f\u0430\u0440\u0430\u043c\u0435\u0442\u0440\u044b.", "is_correct": false, "users_answers": []}}, {"model": "tests.answer", "pk": 6, "fields": {"test_case": 2, "content": "\u041e\u043f\u0440\u0435\u0434\u0435\u043b\u044f\u0435\u0442 \u043f\u0443\u0441\u0442\u043e\u0439 \u043a\u043b\u0430\u0441\u0441.", "is_correct": false, "users_answers": []}}, {"model": "tests.answer", "pk": 7, "fields": {"test_case": 2, "content": "\u041e\u043f\u0440\u0435\u0434\u0435\u043b\u044f\u0435\u0442 \u0444\u0443\u043d\u043a\u0446\u0438\u044e, \u043a\u043e\u0442\u043e\u0440\u0430\u044f \u043d\u0438\u0447\u0435\u0433\u043e \u043d\u0435 \u0434\u0435\u043b\u0430\u0435\u0442.", "is_correct": true, "users_answers": []}}, {"model": "tests.answer", "pk": 8, "fields": {"test_case": 3, "content": "st", "is_correct": false, "users_answers": []}}, {"model": "tests.answer", "pk": 9, "fields": {"test_case": 3, "content": "sto", "is_correct": false, "users_answers": []}}, {"model": "tests.answer", "pk": 10, "fields": {"test_case": 3, "content": "Syntax Error", "is_correct": false, "users_answers": []}}, {"model": "tests.answer", "pk": 11, "fields": {"test_case": 3, "content": "to", "is_correct": true, "users_answers": []}}, {"model": "tests.answer", "pk": 12, "fields": {"test_case": 4, "content": "password", "is_correct": false, "users_answers": []}}, {"model": "tests.answer", "pk": 13, "fields": {"test_case": 4, "content": "None", "is_correct": false, "users_answers": []}}, {"model": "tests.answer", "pk": 14, "fields": {"test_case": 4, "content": "TypeError", "is_correct": true, "users_answers": []}}, {"model": "tests.answer", "pk": 15, "fields": {"test_case": 5, "content": "type 'int'", "is_correct": true, "users_answers": []}}, {"model": "tests.answer", "pk": 16, "fields": {"test_case": 5, "content": "type 'number'", "is_correct": false, "users_answers": []}}, {"model": "tests.answer", "pk": 17, "fields": {"test_case": 5, "content": "type 'double'", "is_correct": false, "users_answers": []}}, {"model": "tests.answer", "pk": 18, "fields": {"test_case": 5, "content": "type 'tuple'", "is_correct": false, "users_answers": []}}, {"model": "tests.answer", "pk": 19, "fields": {"test_case": 5, "content": "type 'float'", "is_correct": false, "users_answers": []}}, {"model": "tests.answer", "pk": 20, "fields": {"test_case": 6, "content": "+", "is_correct": true, "users_answers": []}}, {"model": "tests.answer", "pk": 21, "fields": {"test_case": 6, "content": "-", "is_correct": false, "users_answers": []}}, {"model": "tests.answer", "pk": 22, "fields": {"test_case": 7, "content": "+", "is_correct": true, "users_answers": []}}, {"model": "tests.answer", "pk": 23, "fields": {"test_case": 7, "content": "+", "is_correct": true, "users_answers": []}}, {"model": "tests.answer", "pk": 24, "fields": {"test_case": 7, "content": "-", "is_correct": false, "users_answers": []}}, {"model": "tests.answer", "pk": 25, "fields": {"test_case": 7, "content": "+", "is_correct": true, "users_answers": []}}, {"model": "tests.answer", "pk": 26, "fields": {"test_case": 8, "content": "+", "is_correct": true, "users_answers": []}}, {"model": "tests.answer", "pk": 27, "fields": {"test_case": 8, "content": "+", "is_correct": true, "users_answers": []}}, {"model": "tests.answer", "pk": 29, "fields": {"test_case": 9, "content": "+", "is_correct": true, "users_answers": []}}, {"model": "tests.answer", "pk": 30, "fields": {"test_case": 9, "content": "+", "is_correct": true, "users_answers": []}}, {"model": "admin.logentry", "pk": 1, "fields": {"action_time": "2020-08-24T16:33:58.474Z", "user": 1, "content_type": 8, "object_id": "2", "object_repr": "TestCase object (2)", "action_flag": 2, "change_message": "[{\"changed\": {\"fields\": [\"Content\"]}}]"}}]