[{"model": "contenttypes.contenttype", "pk": 1, "fields": {"app_label": "admin", "model": "logentry"}}, {"model": "contenttypes.contenttype", "pk": 2, "fields": {"app_label": "auth", "model": "permission"}}, {"model": "contenttypes.contenttype", "pk": 3, "fields": {"app_label": "auth", "model": "group"}}, {"model": "contenttypes.contenttype", "pk": 4, "fields": {"app_label": "contenttypes", "model": "contenttype"}}, {"model": "contenttypes.contenttype", "pk": 5, "fields": {"app_label": "sessions", "model": "session"}}, {"model": "contenttypes.contenttype", "pk": 6, "fields": {"app_label": "users", "model": "user"}}, {"model": "contenttypes.contenttype", "pk": 7, "fields": {"app_label": "tests", "model": "test"}}, {"model": "contenttypes.contenttype", "pk": 8, "fields": {"app_label": "tests", "model": "testcase"}}, {"model": "contenttypes.contenttype", "pk": 9, "fields": {"app_label": "tests", "model": "answer"}}, {"model": "contenttypes.contenttype", "pk": 10, "fields": {"app_label": "tests", "model": "comment"}}, {"model": "contenttypes.contenttype", "pk": 11, "fields": {"app_label": "tests", "model": "usertests"}}, {"model": "contenttypes.contenttype", "pk": 12, "fields": {"app_label": "social_django", "model": "usersocialauth"}}, {"model": "contenttypes.contenttype", "pk": 13, "fields": {"app_label": "social_django", "model": "nonce"}}, {"model": "contenttypes.contenttype", "pk": 14, "fields": {"app_label": "social_django", "model": "association"}}, {"model": "contenttypes.contenttype", "pk": 15, "fields": {"app_label": "social_django", "model": "code"}}, {"model": "contenttypes.contenttype", "pk": 16, "fields": {"app_label": "social_django", "model": "partial"}}, {"model": "sessions.session", "pk": "q3fmj3yyyxz30h0wqbzoqzq6vphc2rnq", "fields": {"session_data": "NTY3Nzg4OGRjYzE3ZjFlOTc1OTRkM2YzMWIyMWE3ZDEzMzYxZmZjODp7ImZhY2Vib29rX3N0YXRlIjoiSlVheWRpWElsa3BWYnNIbE9BdlJZb2h5dGZFbHNpeEwiLCJfYXV0aF91c2VyX2lkIjoiMiIsIl9hdXRoX3VzZXJfYmFja2VuZCI6ImRqYW5nby5jb250cmliLmF1dGguYmFja2VuZHMuTW9kZWxCYWNrZW5kIiwiX2F1dGhfdXNlcl9oYXNoIjoiODU0MzE0NTQwM2RlNzU3N2M2NDlkMWZlMzliNGY4N2NmYjhhZmRkOSJ9", "expire_date": "2020-08-31T13:49:27.337Z"}}, {"model": "tests.testcase", "pk": 1, "fields": {"test": 1, "content": "\u041a\u043e\u0433\u0434\u0430 \u0443\u0431\u0438\u043b\u0438 \u041f\u0443\u0448\u043a\u0438\u043d\u0430?", "score": "2.0"}}, {"model": "tests.testcase", "pk": 2, "fields": {"test": 1, "content": "second_test_case", "score": "1.0"}}, {"model": "tests.testcase", "pk": 3, "fields": {"test": 1, "content": "\u0415\u0449\u0435 \u043e\u0434\u0438\u043d \u0442\u0435\u0441\u0442\u043a\u0435\u0439\u0441", "score": "5.0"}}, {"model": "tests.testcase", "pk": 4, "fields": {"test": 1, "content": "\u0421\u043a\u043e\u043b\u044c\u043a\u043e \u0437\u0434\u0435\u0441\u044c \u043f\u0440\u0430\u0432\u0438\u043b\u044c\u043d\u044b\u0445 \u043e\u0442\u0432\u0435\u0442\u043e\u0432?", "score": "2.0"}}, {"model": "tests.testcase", "pk": 5, "fields": {"test": 1, "content": "\u044f \u0443\u0441\u0442\u0430\u043b \u043f\u0440\u0438\u0434\u0443\u043c\u044b\u0432\u0430\u0442\u044c \u043d\u043e\u0432\u044b\u0435 \u0442\u0435\u0441\u0442\u043a\u0435\u0439\u0441\u044b", "score": "1.0"}}, {"model": "tests.testcase", "pk": 6, "fields": {"test": 2, "content": "\u0413\u043b\u0430\u0432\u043d\u044b\u0439 \u0433\u0435\u0440\u043e\u0439 2020", "score": "1.0"}}, {"model": "tests.testcase", "pk": 7, "fields": {"test": 2, "content": "a = [1,2,3,None,(),[],] print(len(a))", "score": "2.0"}}, {"model": "tests.testcase", "pk": 8, "fields": {"test": 2, "content": "print(type(1 / 2))", "score": "1.0"}}, {"model": "tests.testcase", "pk": 9, "fields": {"test": 2, "content": "kvps  = {\"user\",\"bill\", \"password\",\"hillary\"} print(kvps['password'])", "score": "3.0"}}, {"model": "tests.testcase", "pk": 10, "fields": {"test": 2, "content": "x = 4.5 y = 2 print(x // y)", "score": "1.0"}}, {"model": "auth.permission", "pk": 1, "fields": {"name": "Can add log entry", "content_type": 1, "codename": "add_logentry"}}, {"model": "auth.permission", "pk": 2, "fields": {"name": "Can change log entry", "content_type": 1, "codename": "change_logentry"}}, {"model": "auth.permission", "pk": 3, "fields": {"name": "Can delete log entry", "content_type": 1, "codename": "delete_logentry"}}, {"model": "auth.permission", "pk": 4, "fields": {"name": "Can view log entry", "content_type": 1, "codename": "view_logentry"}}, {"model": "auth.permission", "pk": 5, "fields": {"name": "Can add permission", "content_type": 2, "codename": "add_permission"}}, {"model": "auth.permission", "pk": 6, "fields": {"name": "Can change permission", "content_type": 2, "codename": "change_permission"}}, {"model": "auth.permission", "pk": 7, "fields": {"name": "Can delete permission", "content_type": 2, "codename": "delete_permission"}}, {"model": "auth.permission", "pk": 8, "fields": {"name": "Can view permission", "content_type": 2, "codename": "view_permission"}}, {"model": "auth.permission", "pk": 9, "fields": {"name": "Can add group", "content_type": 3, "codename": "add_group"}}, {"model": "auth.permission", "pk": 10, "fields": {"name": "Can change group", "content_type": 3, "codename": "change_group"}}, {"model": "auth.permission", "pk": 11, "fields": {"name": "Can delete group", "content_type": 3, "codename": "delete_group"}}, {"model": "auth.permission", "pk": 12, "fields": {"name": "Can view group", "content_type": 3, "codename": "view_group"}}, {"model": "auth.permission", "pk": 13, "fields": {"name": "Can add content type", "content_type": 4, "codename": "add_contenttype"}}, {"model": "auth.permission", "pk": 14, "fields": {"name": "Can change content type", "content_type": 4, "codename": "change_contenttype"}}, {"model": "auth.permission", "pk": 15, "fields": {"name": "Can delete content type", "content_type": 4, "codename": "delete_contenttype"}}, {"model": "auth.permission", "pk": 16, "fields": {"name": "Can view content type", "content_type": 4, "codename": "view_contenttype"}}, {"model": "auth.permission", "pk": 17, "fields": {"name": "Can add session", "content_type": 5, "codename": "add_session"}}, {"model": "auth.permission", "pk": 18, "fields": {"name": "Can change session", "content_type": 5, "codename": "change_session"}}, {"model": "auth.permission", "pk": 19, "fields": {"name": "Can delete session", "content_type": 5, "codename": "delete_session"}}, {"model": "auth.permission", "pk": 20, "fields": {"name": "Can view session", "content_type": 5, "codename": "view_session"}}, {"model": "auth.permission", "pk": 21, "fields": {"name": "Can add user", "content_type": 6, "codename": "add_user"}}, {"model": "auth.permission", "pk": 22, "fields": {"name": "Can change user", "content_type": 6, "codename": "change_user"}}, {"model": "auth.permission", "pk": 23, "fields": {"name": "Can delete user", "content_type": 6, "codename": "delete_user"}}, {"model": "auth.permission", "pk": 24, "fields": {"name": "Can view user", "content_type": 6, "codename": "view_user"}}, {"model": "auth.permission", "pk": 25, "fields": {"name": "Can add test", "content_type": 7, "codename": "add_test"}}, {"model": "auth.permission", "pk": 26, "fields": {"name": "Can change test", "content_type": 7, "codename": "change_test"}}, {"model": "auth.permission", "pk": 27, "fields": {"name": "Can delete test", "content_type": 7, "codename": "delete_test"}}, {"model": "auth.permission", "pk": 28, "fields": {"name": "Can view test", "content_type": 7, "codename": "view_test"}}, {"model": "auth.permission", "pk": 29, "fields": {"name": "Can add test case", "content_type": 8, "codename": "add_testcase"}}, {"model": "auth.permission", "pk": 30, "fields": {"name": "Can change test case", "content_type": 8, "codename": "change_testcase"}}, {"model": "auth.permission", "pk": 31, "fields": {"name": "Can delete test case", "content_type": 8, "codename": "delete_testcase"}}, {"model": "auth.permission", "pk": 32, "fields": {"name": "Can view test case", "content_type": 8, "codename": "view_testcase"}}, {"model": "auth.permission", "pk": 33, "fields": {"name": "Can add answer", "content_type": 9, "codename": "add_answer"}}, {"model": "auth.permission", "pk": 34, "fields": {"name": "Can change answer", "content_type": 9, "codename": "change_answer"}}, {"model": "auth.permission", "pk": 35, "fields": {"name": "Can delete answer", "content_type": 9, "codename": "delete_answer"}}, {"model": "auth.permission", "pk": 36, "fields": {"name": "Can view answer", "content_type": 9, "codename": "view_answer"}}, {"model": "auth.permission", "pk": 37, "fields": {"name": "Can add comment", "content_type": 10, "codename": "add_comment"}}, {"model": "auth.permission", "pk": 38, "fields": {"name": "Can change comment", "content_type": 10, "codename": "change_comment"}}, {"model": "auth.permission", "pk": 39, "fields": {"name": "Can delete comment", "content_type": 10, "codename": "delete_comment"}}, {"model": "auth.permission", "pk": 40, "fields": {"name": "Can view comment", "content_type": 10, "codename": "view_comment"}}, {"model": "auth.permission", "pk": 41, "fields": {"name": "Can add user tests", "content_type": 11, "codename": "add_usertests"}}, {"model": "auth.permission", "pk": 42, "fields": {"name": "Can change user tests", "content_type": 11, "codename": "change_usertests"}}, {"model": "auth.permission", "pk": 43, "fields": {"name": "Can delete user tests", "content_type": 11, "codename": "delete_usertests"}}, {"model": "auth.permission", "pk": 44, "fields": {"name": "Can view user tests", "content_type": 11, "codename": "view_usertests"}}, {"model": "auth.permission", "pk": 45, "fields": {"name": "Can add user social auth", "content_type": 12, "codename": "add_usersocialauth"}}, {"model": "auth.permission", "pk": 46, "fields": {"name": "Can change user social auth", "content_type": 12, "codename": "change_usersocialauth"}}, {"model": "auth.permission", "pk": 47, "fields": {"name": "Can delete user social auth", "content_type": 12, "codename": "delete_usersocialauth"}}, {"model": "auth.permission", "pk": 48, "fields": {"name": "Can view user social auth", "content_type": 12, "codename": "view_usersocialauth"}}, {"model": "auth.permission", "pk": 49, "fields": {"name": "Can add nonce", "content_type": 13, "codename": "add_nonce"}}, {"model": "auth.permission", "pk": 50, "fields": {"name": "Can change nonce", "content_type": 13, "codename": "change_nonce"}}, {"model": "auth.permission", "pk": 51, "fields": {"name": "Can delete nonce", "content_type": 13, "codename": "delete_nonce"}}, {"model": "auth.permission", "pk": 52, "fields": {"name": "Can view nonce", "content_type": 13, "codename": "view_nonce"}}, {"model": "auth.permission", "pk": 53, "fields": {"name": "Can add association", "content_type": 14, "codename": "add_association"}}, {"model": "auth.permission", "pk": 54, "fields": {"name": "Can change association", "content_type": 14, "codename": "change_association"}}, {"model": "auth.permission", "pk": 55, "fields": {"name": "Can delete association", "content_type": 14, "codename": "delete_association"}}, {"model": "auth.permission", "pk": 56, "fields": {"name": "Can view association", "content_type": 14, "codename": "view_association"}}, {"model": "auth.permission", "pk": 57, "fields": {"name": "Can add code", "content_type": 15, "codename": "add_code"}}, {"model": "auth.permission", "pk": 58, "fields": {"name": "Can change code", "content_type": 15, "codename": "change_code"}}, {"model": "auth.permission", "pk": 59, "fields": {"name": "Can delete code", "content_type": 15, "codename": "delete_code"}}, {"model": "auth.permission", "pk": 60, "fields": {"name": "Can view code", "content_type": 15, "codename": "view_code"}}, {"model": "auth.permission", "pk": 61, "fields": {"name": "Can add partial", "content_type": 16, "codename": "add_partial"}}, {"model": "auth.permission", "pk": 62, "fields": {"name": "Can change partial", "content_type": 16, "codename": "change_partial"}}, {"model": "auth.permission", "pk": 63, "fields": {"name": "Can delete partial", "content_type": 16, "codename": "delete_partial"}}, {"model": "auth.permission", "pk": 64, "fields": {"name": "Can view partial", "content_type": 16, "codename": "view_partial"}}, {"model": "users.user", "pk": 1, "fields": {"password": "!ToarDffgQPCM5IndtVpqX7FqaEd9udOFel7tUsQb", "last_login": null, "is_superuser": false, "username": "d1a8d2d6fd624a47", "first_name": "\u0421\u0442\u0430\u043d\u0438\u0441\u043b\u0430\u0432", "last_name": "\u041f\u043b\u0443\u0436\u043d\u0438\u043a", "is_staff": false, "is_active": false, "date_joined": "2020-08-17T13:48:04.977Z", "email": "", "bio": "", "image": "default-avatar.jpg", "birth_date": null, "groups": [], "user_permissions": []}}, {"model": "users.user", "pk": 2, "fields": {"password": "pbkdf2_sha256$180000$XdwT8I733EAT$IUQ4rSgWF1bVYvzYRqCzz+KLGV519f3GNqDzyHsXdoA=", "last_login": "2020-08-17T13:49:27.335Z", "is_superuser": true, "username": "", "first_name": "", "last_name": "", "is_staff": true, "is_active": true, "date_joined": "2020-08-17T13:49:18.333Z", "email": "a@a.com", "bio": "", "image": "default-avatar.jpg", "birth_date": null, "groups": [], "user_permissions": []}}, {"model": "tests.test", "pk": 1, "fields": {"owner": 2, "title": "First test", "description": null}}, {"model": "tests.test", "pk": 2, "fields": {"owner": 2, "title": "Second test", "description": null}}, {"model": "tests.answer", "pk": 1, "fields": {"test_case": 1, "content": "2015", "is_correct": true, "users_answers": []}}, {"model": "tests.answer", "pk": 2, "fields": {"test_case": 1, "content": "1769", "is_correct": false, "users_answers": []}}, {"model": "tests.answer", "pk": 3, "fields": {"test_case": 1, "content": "2020", "is_correct": false, "users_answers": []}}, {"model": "tests.answer", "pk": 4, "fields": {"test_case": 1, "content": "idk", "is_correct": true, "users_answers": []}}, {"model": "tests.answer", "pk": 5, "fields": {"test_case": 2, "content": "true_answer", "is_correct": true, "users_answers": []}}, {"model": "tests.answer", "pk": 6, "fields": {"test_case": 2, "content": "false_answer", "is_correct": false, "users_answers": []}}, {"model": "tests.answer", "pk": 7, "fields": {"test_case": 3, "content": "\u043e\u0442\u0432\u0435\u0442 1", "is_correct": false, "users_answers": []}}, {"model": "tests.answer", "pk": 8, "fields": {"test_case": 3, "content": "\u043e\u0442\u0432\u0435\u0442 2", "is_correct": true, "users_answers": []}}, {"model": "tests.answer", "pk": 9, "fields": {"test_case": 3, "content": "\u043e\u0442\u0432\u0435\u0442 3", "is_correct": false, "users_answers": []}}, {"model": "tests.answer", "pk": 10, "fields": {"test_case": 3, "content": "\u043e\u0442\u0432\u0435\u0442 4", "is_correct": false, "users_answers": []}}, {"model": "tests.answer", "pk": 11, "fields": {"test_case": 3, "content": "\u043e\u0442\u0432\u0435\u04425", "is_correct": true, "users_answers": []}}, {"model": "tests.answer", "pk": 12, "fields": {"test_case": 4, "content": "1", "is_correct": false, "users_answers": []}}, {"model": "tests.answer", "pk": 13, "fields": {"test_case": 4, "content": "2", "is_correct": false, "users_answers": []}}, {"model": "tests.answer", "pk": 14, "fields": {"test_case": 4, "content": "10", "is_correct": false, "users_answers": []}}, {"model": "tests.answer", "pk": 15, "fields": {"test_case": 4, "content": "0", "is_correct": true, "users_answers": []}}, {"model": "tests.answer", "pk": 16, "fields": {"test_case": 5, "content": "0", "is_correct": true, "users_answers": []}}, {"model": "tests.answer", "pk": 17, "fields": {"test_case": 5, "content": "1", "is_correct": false, "users_answers": []}}, {"model": "tests.answer", "pk": 18, "fields": {"test_case": 5, "content": "2", "is_correct": false, "users_answers": []}}, {"model": "tests.answer", "pk": 19, "fields": {"test_case": 5, "content": "3", "is_correct": false, "users_answers": []}}, {"model": "tests.answer", "pk": 20, "fields": {"test_case": 6, "content": "\u041f\u043e\u0432\u0430\u0440 \u0438\u0437 \u0443\u0445\u0430\u043d\u0438", "is_correct": true, "users_answers": []}}, {"model": "tests.answer", "pk": 21, "fields": {"test_case": 6, "content": "\u041f\u0440\u0435\u0437\u0438\u0434\u0435\u043d\u0442 \u0431\u0435\u043b\u0430\u0440\u0443\u0441\u0438", "is_correct": false, "users_answers": []}}, {"model": "tests.answer", "pk": 22, "fields": {"test_case": 6, "content": "\u041f\u043e\u043b\u0438\u0446\u0435\u0439\u0441\u043a\u0438\u0439 \u0432 \u0448\u0442\u0430\u0442\u0430\u0445", "is_correct": false, "users_answers": []}}, {"model": "tests.answer", "pk": 23, "fields": {"test_case": 6, "content": "\u0421\u0432\u0430\u0440\u0449\u0438\u043a \u0438\u0437 \u0431\u0435\u0439\u0440\u0443\u0442\u0430", "is_correct": false, "users_answers": []}}, {"model": "tests.answer", "pk": 24, "fields": {"test_case": 7, "content": "Syntax Error", "is_correct": false, "users_answers": []}}, {"model": "tests.answer", "pk": 25, "fields": {"test_case": 7, "content": "6", "is_correct": true, "users_answers": []}}, {"model": "tests.answer", "pk": 26, "fields": {"test_case": 7, "content": "5", "is_correct": false, "users_answers": []}}, {"model": "tests.answer", "pk": 27, "fields": {"test_case": 7, "content": "3", "is_correct": false, "users_answers": []}}, {"model": "tests.answer", "pk": 28, "fields": {"test_case": 8, "content": "float", "is_correct": true, "users_answers": []}}, {"model": "tests.answer", "pk": 29, "fields": {"test_case": 8, "content": "int", "is_correct": false, "users_answers": []}}, {"model": "tests.answer", "pk": 30, "fields": {"test_case": 8, "content": "double", "is_correct": false, "users_answers": []}}, {"model": "tests.answer", "pk": 31, "fields": {"test_case": 8, "content": "number", "is_correct": false, "users_answers": []}}, {"model": "tests.answer", "pk": 32, "fields": {"test_case": 9, "content": "password", "is_correct": false, "users_answers": []}}, {"model": "tests.answer", "pk": 33, "fields": {"test_case": 9, "content": "None", "is_correct": false, "users_answers": []}}, {"model": "tests.answer", "pk": 34, "fields": {"test_case": 9, "content": "ValueError", "is_correct": false, "users_answers": []}}, {"model": "tests.answer", "pk": 35, "fields": {"test_case": 9, "content": "TypeError", "is_correct": true, "users_answers": []}}, {"model": "tests.answer", "pk": 37, "fields": {"test_case": 10, "content": "2.0", "is_correct": true, "users_answers": []}}, {"model": "tests.answer", "pk": 38, "fields": {"test_case": 10, "content": "1", "is_correct": false, "users_answers": []}}, {"model": "tests.answer", "pk": 39, "fields": {"test_case": 10, "content": "2.25", "is_correct": false, "users_answers": []}}, {"model": "tests.answer", "pk": 40, "fields": {"test_case": 10, "content": "ValueError", "is_correct": false, "users_answers": []}}, {"model": "social_django.usersocialauth", "pk": 1, "fields": {"user": 1, "provider": "facebook", "uid": "698940247357105", "extra_data": "{\"auth_time\": 1597672116, \"id\": \"698940247357105\", \"expires\": 5106871, \"granted_scopes\": [\"public_profile\"], \"denied_scopes\": null, \"access_token\": \"EAAEOg0hmNvsBAG5cWGJOFeawB3K3HMhZCmxTQ45x0lzUJNKlSlt57wlGIG9Gn2gT0VECTdCcgQLBDUKgZApeNhalN7bypNnPPe0DVZBWWXvORsFBgCmfmZC70SuTJYrGjETkiZBUdf9HjBNlytTlJQHWGeccGJh12u23zebwvZCQZDZD\", \"token_type\": null}", "created": "2020-08-17T13:48:04.986Z", "modified": "2020-08-17T13:48:36.496Z"}}]